country,cases,todayCases,deaths,todayDeaths,recovered,active,tests,population,Recovery Rate (%),Death Rate (%)
Afghanistan,234174,0,7996,0,211080,15098,1390730,40754388,90.13810243664967,3.414554989025255
Albania,334863,0,3605,0,330233,1025,1941032,2866374,98.61734500377767,1.0765596676849936
Algeria,272010,0,6881,0,183061,82068,230960,45350148,67.2993639939708,2.5296864085879194
Andorra,48015,0,165,0,0,47850,249838,77463,0.0,0.3436426116838488
Angola,107327,0,1937,0,103419,1971,1499795,35027343,96.358791357254,1.804764877430656
Anguilla,3904,0,12,0,0,3892,51382,15230,0.0,0.3073770491803279
Antigua and Barbuda,9106,0,146,0,8954,6,18901,99509,98.33077092027234,1.6033384581594552
Argentina,10128845,0,130841,0,9997258,746,35716069,46010234,98.70086865777886,1.2917662379076786
Armenia,451831,0,8777,0,435162,7892,3242901,2971966,96.31078876836693,1.9425404631377663
Aruba,44224,0,292,0,42438,1494,177885,107609,95.96146888567294,0.66027496382055
Australia,11853144,0,24414,0,11820014,8716,81916639,26068792,99.72049609791293,0.20597066904780706
Austria,6081287,0,22542,0,6054934,3811,211273524,9066710,99.56665422960633,0.3706781146819744
Azerbaijan,835234,0,10400,0,824089,745,7748050,10300205,98.66564340053206,1.2451600389830875
Bahamas,38084,0,844,0,36366,874,257839,400516,95.4889192311732,2.2161537653607817
Bahrain,729549,0,1574,0,727915,60,10948549,1783983,99.7760260105901,0.2157497303128371
Bangladesh,2049377,0,29493,0,0,2019884,15254399,167885689,0.0,1.4391202789921036
Barbados,110578,0,648,0,108647,1283,814159,288023,98.25372135506159,0.5860116840601204
Belarus,994037,0,7118,0,985592,1327,13646641,9432800,99.1504340381696,0.7160699249625517
Belgium,4861695,0,34376,0,4826798,521,37454182,11668278,99.28220507456761,0.7070784983426562
Belize,71409,0,688,0,0,70721,576016,412190,0.0,0.9634639891330226
Benin,28036,0,163,0,27847,26,604310,12784726,99.3258667427593,0.5813953488372093
Bermuda,18860,0,165,0,18685,10,1029558,61939,99.07211028632025,0.8748674443266171
Bhutan,62697,0,21,0,61564,1112,2303734,787941,98.19289599183374,0.03349442557060146
Bolivia,1212131,0,22407,0,1177145,12579,2710261,11992656,97.11367830704766,1.8485625728572244
Bosnia,403615,0,16388,0,379084,8143,1884721,3249317,93.92217831349183,4.060304993620158
Botswana,330638,0,2801,0,327049,788,2026898,2441162,98.91452283161645,0.8471500553475403
Brazil,38743918,0,711380,0,36249161,1783377,63776166,215353593,93.56090677251588,1.8361075408016299
British Virgin Islands,7392,0,64,0,0,7328,107339,30596,0.0,0.8658008658008658
Brunei,343719,0,225,0,243601,99893,717784,445431,70.87213683270346,0.06546044879683695
Bulgaria,1339851,0,38748,0,1292944,8159,11671043,6844597,96.49908833146372,2.891963360104967
Burkina Faso,22114,0,400,0,21596,118,248995,22102838,97.65759247535499,1.8088088993397848
Burundi,54721,0,38,0,53569,1114,345742,12624840,97.8947753147786,0.06944317538056688
Cabo Verde,64477,0,417,0,63755,305,401622,567678,98.88022085394792,0.6467422491741242
Cambodia,139103,0,3056,0,136044,3,3091420,17168639,97.80091011696369,2.196933207766907
Cameroon,125379,0,1974,0,123280,125,1751774,27911548,98.32587594413738,1.5744263393391238
Canada,4946090,0,59034,0,4881312,5744,66572774,38388419,98.69031901967008,1.1935488436320407
Caribbean Netherlands,11682,0,38,0,10476,1168,30126,26647,89.6764252696456,0.32528676596473205
Cayman Islands,31472,0,37,0,8553,22882,222773,67277,27.17653787493645,0.1175648195221149
Central African Republic,15440,0,113,0,15200,127,81294,5016678,98.44559585492227,0.7318652849740932
Chad,7701,0,194,0,4874,2633,191341,17413580,63.290481755616156,2.519153356706921
Channel Islands,101717,0,228,0,101321,168,1252808,176463,99.61068454633936,0.22415132180461478
Chile,5384853,0,64497,0,5252450,67906,50382097,19250195,97.54119564638069,1.1977485736379432
China,503302,0,5272,0,379053,118977,160000000,1448471400,75.31323141970428,1.0474824260583109
Colombia,6400173,0,143200,0,6212152,44821,36951507,51512762,97.06225128601993,2.2374395192129963
Comoros,9109,0,161,0,8939,9,0,907419,98.13371390932045,1.7674827094082777
Congo,25375,0,386,0,24006,983,347815,5797805,94.60492610837439,1.5211822660098522
Cook Islands,7203,0,2,0,7150,51,19690,17571,99.264195474108,0.027766208524226017
Costa Rica,1238883,0,9428,0,0,1229455,4659757,5182354,0.0,0.7610081016528599
Croatia,1309728,0,18687,0,1258432,32609,5660084,4059286,96.08346160424149,1.4267847980649417
Cuba,1115251,0,8530,0,1106660,61,14402674,11305652,99.22968013478581,0.7648502444741139
Curaçao,45986,0,295,0,44720,971,496693,165529,97.2469882138042,0.6414995868307746
Cyprus,681110,0,1365,0,679745,0,9640118,1223387,99.79959184272731,0.20040815727268724
Czechia,4759041,0,43517,0,4715206,318,57834241,10736784,99.07891106632619,0.914406915174717
Côte d'Ivoire,88384,0,835,0,87497,52,1690934,27742298,98.99642469225199,0.9447411296162201
DRC,99338,0,1468,0,84489,13381,846704,95240792,85.05204453482051,1.4777829229499284
Denmark,3183756,0,8814,0,3174942,0,129333107,5834950,99.7231571766178,0.27684282338219385
Diamond Princess,712,0,13,0,699,0,0,0,98.17415730337079,1.8258426966292134
Djibouti,15690,0,189,0,15427,74,305941,1016097,98.32377310388782,1.2045889101338432
Dominica,16038,0,74,0,15964,0,229344,72344,99.53859583489213,0.46140416510786886
Dominican Republic,675890,0,4384,0,671316,190,3740928,11056370,99.3232626610839,0.6486262557516755
Ecuador,1070188,0,36043,0,1034145,0,3082403,18113361,96.63208707255174,3.3679129274482613
Egypt,516023,0,24613,0,442182,49228,3693367,106156692,85.69036651467086,4.769748635235251
El Salvador,201855,0,4230,0,179410,18215,2610114,6550389,88.88063213692998,2.0955636471724755
Equatorial Guinea,17229,0,183,0,16907,139,365697,1496662,98.1310580997156,1.062162632770329
Eritrea,10189,0,103,0,10086,0,23693,3662244,98.98910589851802,1.0108941014819903
Estonia,628070,0,3001,0,0,625069,6968103,1321910,0.0,0.4778129826293247
Ethiopia,501157,0,7574,0,488171,5412,5565340,120812698,97.40879604594967,1.5113028452161696
Falkland Islands (Malvinas),1930,0,0,0,1930,0,8632,3539,100.0,0.0
Faroe Islands,34658,0,28,0,0,34630,778000,49233,0.0,0.08078942812626233
Fiji,69117,0,885,0,67226,1006,672883,909466,97.26405949332292,1.2804375189895394
Finland,1516117,0,11958,0,1503989,170,12108977,5554960,99.20006173666016,0.7887254083952624
France,40138560,0,167642,0,39970918,0,271490188,65584518,99.58234176811524,0.41765823188475126
French Guiana,98041,0,420,0,11254,86367,651257,314169,11.478871084546261,0.42839220326190064
French Polynesia,79254,0,650,0,0,78604,0,284164,0.0,0.8201478789714084
Gabon,49051,0,307,0,48674,70,1621909,2331533,99.2314122036248,0.6258791869686653
Gambia,12626,0,372,0,12189,65,155686,2558482,96.53888800887059,2.946301283066688
Georgia,1861665,0,17132,0,0,1844533,16920079,3968738,0.0,0.9202514953012492
Germany,38828995,0,183027,0,38240600,405368,122332384,83883596,98.4846504525806,0.47136682265405017
Ghana,171889,0,1462,0,170425,2,2541625,32395450,99.14828755766803,0.8505489007440848
Gibraltar,20550,0,113,0,0,20437,534283,33704,0.0,0.5498783454987834
Greece,6101379,0,37869,0,0,6063510,102228365,10316637,0.0,0.6206629681585097
Greenland,11971,0,21,0,2761,9189,164926,56973,23.06407150613984,0.1754239411912121
Grenada,19693,0,238,0,19358,97,182981,113475,98.29888792972122,1.2085512618696999
Guadeloupe,203235,0,1021,0,0,202214,938039,399794,0.0,0.5023740989494919
Guatemala,1291293,0,20289,0,1269891,1113,7593848,18584039,98.34259149550103,1.571215827856265
Guinea,38572,0,468,0,37757,347,660107,13865691,97.8870683397283,1.2133153582909884
Guinea-Bissau,9614,0,177,0,8929,508,145231,2063367,92.87497399625546,1.841065113376326
Guyana,74137,0,1300,0,72013,824,733218,794045,97.13503378879642,1.7535103929212135
Haiti,34667,0,860,0,33734,73,132422,11680283,97.30867972423341,2.4807453774482937
Holy See (Vatican City State),29,0,0,0,29,0,0,799,100.0,0.0
Honduras,474590,0,11165,0,0,463425,1660662,10221247,0.0,2.3525569438884086
Hong Kong,2937609,0,14924,0,2916005,6680,76127725,7604299,99.2645719699252,0.5080322125919413
Hungary,2230232,0,49048,0,2152155,29029,11394556,9606259,96.49915345130013,2.1992330842710532
Iceland,209906,0,229,0,0,209677,1996384,345393,0.0,0.10909645269787428
India,45035393,0,533570,0,0,44501823,935879495,1406631776,0.0,1.1847792690517878
Indonesia,6829221,0,162063,0,6647104,20054,114158919,279134505,97.33326831859739,2.373081790734258
Iran,7627186,0,146811,0,0,7480375,57320267,86022837,0.0,1.9248383348721272
Iraq,2465545,0,25375,0,2439497,673,19544451,42164965,98.9435195869473,1.029184216876999
Ireland,1734582,0,9491,0,1724921,170,13083449,5020199,99.44303584379406,0.5471635241228145
Isle of Man,38008,0,116,0,0,37892,150753,85732,0.0,0.3051989054935803
Israel,4841772,0,12707,0,4798473,30592,41373364,9326000,99.10571997194415,0.262445236991746
Italy,26723249,0,196487,0,26361218,165544,281126449,60262770,98.64525829175936,0.7352661347428225
Jamaica,156869,0,3756,0,0,153113,1183986,2985094,0.0,2.394354525113311
Japan,33803572,0,74694,0,0,33728878,100414883,125584838,0.0,0.2209648140143296
Jordan,1746997,0,14122,0,1731007,1868,17201885,10300869,99.08471508537221,0.8083585718807761
Kazakhstan,1411831,0,13848,0,1383020,14963,11575012,19205043,97.95931666042182,0.9808539407336997
Kenya,344130,0,5689,0,337309,1132,3967062,56215221,98.01790021212913,1.6531543312120418
Kiribati,5085,0,24,0,2703,2358,0,123419,53.15634218289086,0.471976401179941
Kuwait,667158,0,2570,0,0,664588,8455743,4380326,0.0,0.3852160957374415
Kyrgyzstan,206897,0,2991,0,196406,7500,1907195,6728271,94.92936098638452,1.44564686776512
Lao People's Democratic Republic,218970,0,758,0,0,218212,1233207,7481023,0.0,0.3461661414805681
Latvia,982505,0,6715,0,971406,4384,7885792,1848837,98.87033653772754,0.6834570816433504
Lebanon,1243838,0,10952,0,1087587,145299,4795578,6684849,87.4379943368831,0.8805005153404221
Lesotho,36138,0,723,0,25980,9435,431221,2175699,71.89108417732028,2.0006641208699985
Liberia,8090,0,295,0,7783,12,139824,5305117,96.20519159456119,3.646477132262052
Libyan Arab Jamahiriya,507274,0,6437,0,500835,2,2483848,7040745,98.73066626714557,1.268939468610652
Liechtenstein,21574,0,94,0,0,21480,112457,38387,0.0,0.4357096505052378
Lithuania,1397806,0,9897,0,1387478,431,10540357,2661708,99.26112779598886,0.7080381683867433
Luxembourg,391232,0,1232,0,0,390000,4587145,642371,0.0,0.31490266644855225
MS Zaandam,9,0,2,0,7,0,0,0,77.77777777777779,22.22222222222222
Macao,27673,0,123,0,3487,24063,7850,667490,12.600729953384166,0.44447656560546384
Macedonia,350567,0,9976,0,337068,3523,2226216,2081304,96.14938086014942,2.84567571961993
Madagascar,68486,0,1426,0,66862,198,531329,29178077,97.62871243757849,2.082177379318401
Malawi,89535,0,2686,0,0,86849,624784,20180839,0.0,2.9999441559166806
Malaysia,5278406,0,37348,0,5233268,7790,68580916,33181072,99.14485547341376,0.7075620935562744
Maldives,186694,0,316,0,163687,22691,2213831,540985,87.67662592263275,0.16926092964958703
Mali,33164,0,743,0,32332,89,804909,21473764,97.49125557833796,2.2403811361717527
Malta,121420,0,885,0,120149,386,2170600,444033,98.95322022731017,0.7288749794103113
Marshall Islands,16138,0,17,0,16121,0,0,60057,99.89465856983517,0.10534143016482836
Martinique,230354,0,1102,0,0,229252,828928,374087,0.0,0.4783941238268057
Mauritania,63848,0,997,0,62471,380,1009957,4901981,97.84331537401329,1.561521112642526
Mauritius,43025,0,1051,0,41278,696,358675,1274727,95.93957001743173,2.442765833817548
Mayotte,42027,0,188,0,0,41839,176919,286259,0.0,0.44733147738358675
Mexico,7702809,0,334958,0,6899865,467986,20013810,131562772,89.57595858861357,4.348517534317676
Micronesia,26547,0,65,0,0,26482,82430,117489,0.0,0.24484875880513807
Moldova,635145,0,12218,0,0,622927,3216305,4013171,0.0,1.9236552283336876
Monaco,17181,0,67,0,0,17114,78646,39783,0.0,0.3899656597404109
Mongolia,1011496,0,2284,0,1009212,0,4030048,3378078,99.77419584457081,0.22580415542918608
Montenegro,296542,0,2846,0,291794,1902,2769281,627950,98.39887773064187,0.9597291446068348
Montserrat,1403,0,8,0,1376,19,17762,4965,98.07555238774056,0.5702066999287242
Morocco,1278992,0,16303,0,0,1262689,13001033,37772756,0.0,1.2746756820996534
Mozambique,233731,0,2250,0,228805,2676,1371127,33089461,97.8924490118983,0.9626450920074787
Myanmar,641873,0,19495,0,620159,2219,11711514,55227143,96.61708780397367,3.0372051792176955
N. Korea,4772813,0,74,0,4772739,0,0,25990679,99.99844955165852,0.0015504483414707426
Namibia,172389,0,4106,0,167099,1184,1062663,2633874,96.93135872938528,2.381822506076374
Nauru,5393,0,1,0,5347,45,20509,10903,99.14704246245132,0.018542555164101613
Nepal,1003450,0,12031,0,991322,97,6047766,30225582,98.79136977427873,1.1989635756639594
Netherlands,8635786,0,22992,0,8612599,195,25984435,17211447,99.73150098902404,0.2662409652115048
New Caledonia,80064,0,314,0,0,79750,98964,290915,0.0,0.3921862509992006
New Zealand,2621111,0,5697,0,2613791,1623,7768604,4898203,99.72072911067102,0.21735058149006278
Nicaragua,18491,0,225,0,4225,14041,0,6779100,22.848953544967824,1.2168081769509491
Niger,9931,0,312,0,8890,729,254538,26083660,89.51767193636088,3.141677575269359
Nigeria,267188,0,3155,0,259953,4080,5708974,216746934,97.2921688099765,1.1808165037351976
Niue,1059,0,0,0,1056,3,0,1622,99.71671388101983,0.0
Norway,1509732,0,6638,0,1503094,0,11002430,5511370,99.56031931495126,0.43968068504873714
Oman,399449,0,4628,0,0,394821,25000000,5323993,0.0,1.1585959659430867
Pakistan,1581936,0,30664,0,1538689,12583,30589153,229488994,97.26619787399743,1.9383843594178274
Palau,6290,0,10,0,6276,4,71434,18233,99.77742448330683,0.1589825119236884
Palestine,621008,0,5404,0,615445,159,3078533,5345541,99.10419833560921,0.8701981294926957
Panama,1059893,0,8727,0,1051102,64,7882622,4446964,99.17057665254889,0.8233850020709638
Papua New Guinea,46864,0,670,0,46168,26,249149,9292169,98.51485148514851,1.4296688289518606
Paraguay,837602,0,20155,0,0,817447,2657506,7305843,0.0,2.4062741015422597
Peru,4572667,0,222161,0,4350506,0,39010194,33684208,95.1415443110115,4.858455688988505
Philippines,4140383,0,66864,0,4067381,6138,36102746,112508994,98.23682978120624,1.6149230638808052
Poland,6661991,0,120598,0,0,6541393,39323709,37739785,0.0,1.8102396115515618
Portugal,5643062,0,28126,0,5614809,127,46139518,10140570,99.49933210019667,0.4984173485954965
Qatar,514524,0,690,0,513687,147,4065369,2979915,99.83732537257737,0.1341045315670406
Romania,3529735,0,68929,0,3460149,657,28758667,19031335,98.02857721613663,1.9528094885310088
Russia,24124215,0,402756,0,23545818,175641,273400000,145805947,97.60242146739283,1.6695092462075969
Rwanda,133518,0,1468,0,132039,11,6021981,13600464,98.89228418640184,1.0994772240446982
Réunion,494595,0,921,0,0,493674,1603660,908061,0.0,0.18621296212052285
S. Korea,34571873,0,35934,0,34535939,0,15804065,51329899,99.89606001387313,0.10393998612687255
Saint Helena,2166,0,0,0,2,2164,0,6115,0.09233610341643582,0.0
Saint Kitts and Nevis,6607,0,48,0,6559,0,126958,53871,99.27349780535796,0.7265021946420462
Saint Lucia,30215,0,410,0,29805,0,210983,185113,98.64305808373325,1.3569419162667549
Saint Martin,12324,0,63,0,0,12261,112382,39730,0.0,0.5111976630963972
Saint Pierre Miquelon,3452,0,2,0,2449,1001,25400,5759,70.94438006952491,0.057937427578215524
Saint Vincent and the Grenadines,9674,0,124,0,9493,57,114197,111551,98.1290055819723,1.281786231135001
Samoa,17006,0,31,0,1605,15370,187397,202239,9.43784546630601,0.18228860402210986
San Marino,26185,0,128,0,26011,46,196855,34085,99.33549742218828,0.488829482528165
Sao Tome and Principe,6778,0,80,0,6685,13,29600,227679,98.62791383889052,1.1802891708468575
Saudi Arabia,841469,0,9646,0,0,831823,45481735,35844909,0.0,1.1463286229201552
Senegal,89053,0,1971,0,87024,58,1146543,17653671,97.72158153010005,2.213288715708623
Serbia,2615054,0,18057,0,2596608,389,13463733,8653016,99.29462259670355,0.6905019934578789
Seychelles,51220,0,172,0,51048,0,0,99426,99.66419367434595,0.3358063256540414
Sierra Leone,7779,0,126,0,0,7653,259958,8306436,0.0,1.619745468569225
Singapore,3006155,0,2024,0,3004131,0,24756666,5943546,99.93267146903602,0.06732853096397225
Sint Maarten,11051,0,92,0,10905,54,62056,43966,98.67885259252557,0.8325038458058095
Slovakia,1877605,0,21224,0,1856381,0,7448789,5460193,98.8696238026635,1.1303761973365005
Slovenia,1356546,0,7100,0,1349424,22,2847701,2078034,99.47499015882985,0.5233880753030122
Solomon Islands,25954,0,199,0,0,25755,0,721159,0.0,0.7667411574323804
Somalia,27334,0,1361,0,13182,12791,400466,16841795,48.225653032852854,4.979146850076828
South Africa,4076463,0,102595,0,3912506,61362,26795090,60756135,95.97795932405127,2.5167651466479644
South Sudan,18819,0,147,0,18115,557,410280,11618511,96.25909984590042,0.7811254583134066
Spain,13914811,0,121760,0,13762417,30634,471036328,46719142,98.90480725897032,0.8750388345195634
Sri Lanka,672754,0,16897,0,655852,5,6486117,21575842,97.48764035591019,2.5116164303742528
St. Barth,5507,0,6,0,0,5501,78646,9945,0.0,0.10895224260032686
Sudan,63993,0,5046,0,58947,0,562941,45992020,92.11476255215413,7.885237447845858
Suriname,82588,0,1408,0,0,81180,242207,596831,0.0,1.7048481619605753
Swaziland,75191,0,1427,0,73116,648,1048704,1184817,97.2403612134431,1.8978335173092526
Sweden,2754129,0,27407,0,2726492,230,19500873,10218971,98.99652485413719,0.9951240482925817
Switzerland,4453053,0,14452,0,4438309,292,23833472,8773637,99.66890131332369,0.3245413876726821
Syrian Arab Republic,57743,0,3165,0,54578,0,146269,19364809,94.51881613355731,5.481183866442685
Taiwan,10241523,0,19005,0,10222518,0,30742304,23888595,99.81443189650602,0.18556810349398228
Tajikistan,17786,0,125,0,17264,397,0,9957464,97.06510738783312,0.7027999550208028
Tanzania,43223,0,846,0,0,42377,0,63298550,0.0,1.957291256969669
Thailand,4770149,0,34586,0,4692636,42927,17273454,70078203,98.37504027651967,0.7250507269269786
Timor-Leste,23460,0,138,0,23102,220,278529,1369429,98.47399829497017,0.5882352941176471
Togo,39572,0,290,0,39281,1,815204,8680837,99.26463155766704,0.7328414030122309
Tokelau,80,0,0,0,0,80,0,1378,0.0,0.0
Tonga,16950,0,13,0,15638,1299,535009,107749,92.25958702064896,0.07669616519174041
Trinidad and Tobago,191496,0,4390,0,187078,28,913289,1406585,97.69290220161257,2.2924760830513433
Tunisia,1153361,0,29423,0,0,1123938,5013383,12046656,0.0,2.551065971538833
Turkey,17232066,0,102174,0,0,17129892,162743369,85561976,0.0,0.59292948390518
Turks and Caicos Islands,6752,0,40,0,6709,3,616788,39741,99.36315165876776,0.5924170616113744
Tuvalu,2943,0,1,0,0,2942,0,12066,0.0,0.03397893306150187
UAE,1067030,0,2349,0,0,1064681,200732262,10081785,0.0,0.2201437635305474
UK,24910387,0,232112,0,24678275,0,522526476,68497907,99.06821198723247,0.9317880127675254
USA,111820082,0,1219487,0,109814428,786167,1186851502,334805269,98.20635617133601,1.090579597321347
Uganda,172149,0,3632,0,100431,68086,3012408,48432863,58.33957792377533,2.1098002311950697
Ukraine,5557995,0,112418,0,5445577,0,32603805,43192122,97.97736413940639,2.0226358605936134
Uruguay,1041111,0,7664,0,1030944,2503,6114822,3496016,99.02344706760374,0.7361366847531147
Uzbekistan,253662,0,1637,0,241486,10539,1377915,34382084,95.19991169351341,0.6453469577626921
Vanuatu,12019,0,14,0,11976,29,24976,321832,99.64223313087611,0.11648223645894001
Venezuela,552695,0,5856,0,546537,302,3359014,29266991,98.88582310315816,1.0595355485394296
Vietnam,11625195,0,43206,0,10640971,941018,85826548,98953541,91.53369900461885,0.37165828186107847
Wallis and Futuna,3550,0,8,0,438,3104,20508,10982,12.338028169014084,0.22535211267605634
Western Sahara,10,0,1,0,9,0,0,626161,90.0,10.0
Yemen,11945,0,2159,0,9124,662,329592,31154867,76.38342402678944,18.07450816241105
Zambia,349304,0,4069,0,341316,3919,4112961,19470234,97.7131667544603,1.1648878913496552
Zimbabwe,266359,0,5740,0,258888,1731,2525756,15331428,97.19513889149607,2.1549863154614637
