id,symbol,name,image,current_price,market_cap,market_cap_rank,fully_diluted_valuation,total_volume,high_24h,low_24h,price_change_24h,price_change_percentage_24h,market_cap_change_24h,market_cap_change_percentage_24h,circulating_supply,total_supply,max_supply,ath,ath_change_percentage,ath_date,atl,atl_change_percentage,atl_date,roi,last_updated,price_change_percentage_24h_in_currency
bitcoin,btc,Bitcoin,https://coin-images.coingecko.com/coins/images/1/large/bitcoin.png?1696501400,63986.0,1282979908525,1,1282979908525,32273196234,64387.0,62815.0,341.99,0.53734,6315803428.0,0.49471,20052971.0,20053053.0,21000000.0,126080.0,-49.24934,2025-10-06T18:57:42.558Z,67.81,94262.66371,2013-07-06T00:00:00.000Z,,2026-07-07T16:45:55.463Z,0.5373414562861523
ethereum,eth,Ethereum,https://coin-images.coingecko.com/coins/images/279/large/ethereum.png?1696501628,1802.96,217430420569,2,217430420569,9880765226,1819.88,1759.03,10.45,0.5829,1053522149.0,0.48689,120683164.4563006,120683164.4563006,,4946.05,-63.5474,2025-08-24T19:21:03.333Z,0.432979,416309.11676,2015-10-20T00:00:00.000Z,"{'times': 36.66907148461207, 'currency': 'btc', 'percentage': 3666.907148461207}",2026-07-07T16:45:55.475Z,0.5828966403890029
tether,usdt,Tether,https://coin-images.coingecko.com/coins/images/325/large/Tether.png?1696501661,0.999156,184199855204,3,189661902839,50788364495,0.999437,0.998978,-2.7706636139935e-05,-0.00277,15908450.0,0.00864,184364902158.6673,189831843903.5462,,1.32,-24.48748,2018-07-24T00:00:00.000Z,0.572521,74.50935,2015-03-02T00:00:00.000Z,,2026-07-07T16:45:48.599Z,-0.0027729281148880574
binancecoin,bnb,BNB,https://coin-images.coingecko.com/coins/images/825/large/bnb-icon2_2x.png?1696501970,585.2,78861379134,4,78861373511,594072343,590.14,576.31,0.783396,0.13405,73829725.0,0.09371,134782336.81,134782327.2,200000000.0,1369.99,-57.28442,2025-10-13T08:41:24.131Z,0.0398177,1469597.82738,2017-10-19T00:00:00.000Z,,2026-07-07T16:45:55.349Z,0.1340476259352746
usd-coin,usdc,USDC,https://coin-images.coingecko.com/coins/images/6319/large/USDC.png?1769615602,0.99989,73091337993,5,73111738542,12843508547,1.0,0.999775,0.00010982,0.01098,118250859.0,0.16205,73102236692.88551,73122640283.8069,,1.043,-4.18049,2018-11-15T00:00:00.000Z,0.877647,13.92315,2023-03-11T08:02:13.981Z,,2026-07-07T16:45:56.092Z,0.010984712764372786
ripple,xrp,XRP,https://coin-images.coingecko.com/coins/images/44/large/xrp-symbol-white-128.png?1696501442,1.13,70265603384,6,112875664691,1470847303,1.16,1.11,-0.021778711459539135,-1.8922,-1365011437.8933868,-1.90563,62241508805.0,99985645029.0,100000000000.0,3.65,-69.03243,2025-07-18T03:40:53.808Z,0.00268621,41936.7736,2014-05-22T00:00:00.000Z,,2026-07-07T16:45:52.402Z,-1.8921994973153746
solana,sol,Solana,https://coin-images.coingecko.com/coins/images/4128/large/solana.png?1718769756,82.14,47773657365,7,51726606492,2363958524,82.98,80.5,0.252538,0.30839,165661677.0,0.34797,581713465.1384845,629846304.03503,,293.31,-71.9951,2025-01-19T11:15:27.957Z,0.500801,16302.0645,2020-05-11T19:35:23.449Z,,2026-07-07T16:45:51.958Z,0.3083898132125664
tron,trx,TRON,https://coin-images.coingecko.com/coins/images/1094/large/photo_2026-04-13_09-59-16.png?1776048311,0.332141,31506741360,8,31506742058,413378117,0.332163,0.326957,0.004641,1.4171,442766074.0,1.42534,94858727802.24739,94858729903.6332,,0.431288,-22.98872,2024-12-04T00:10:40.323Z,0.00180434,18307.8596,2017-11-12T00:00:00.000Z,"{'times': 173.81088144900627, 'currency': 'usd', 'percentage': 17381.088144900627}",2026-07-07T16:45:53.588Z,1.4171000437247117
figure-heloc,figr_heloc,Figure Heloc,https://coin-images.coingecko.com/coins/images/68480/large/figure.png?1755863954,1.03,20173762457,9,20173762457,76368680,1.04,1.03,-0.010524100000000036,-1.01158,-136034914.22753525,-0.6698,19589275290.768,19589275290.768,,1.049,-1.83788,2026-03-09T17:00:25.937Z,0.155357,562.88597,2025-10-31T14:27:24.456Z,,2026-07-07T16:45:57.527Z,-1.0115813623191674
hyperliquid,hype,Hyperliquid,https://coin-images.coingecko.com/coins/images/50882/large/hyperliquid.jpg?1729431300,71.67,15942368304,10,68465501202,493556382,72.52,69.55,0.624824,0.8795,140311945.0,0.88793,222445714.0741414,955307079.4341414,1000000000.0,76.7,-6.56405,2026-06-16T13:02:04.375Z,3.81,1781.67833,2024-11-29T09:30:30.871Z,,2026-07-07T16:45:52.505Z,0.8794960862309976
dogecoin,doge,Dogecoin,https://coin-images.coingecko.com/coins/images/5/large/dogecoin.png?1696501409,0.075358,11677236919,11,12861160739,655556454,0.077858,0.074095,-0.001427863578942548,-1.85955,-216850183.55275917,-1.82318,154973086383.7052,170685393126.579,,0.731578,-89.69931,2021-05-08T05:08:23.458Z,8.69e-05,86613.85598,2015-05-06T00:00:00.000Z,,2026-07-07T16:45:54.239Z,-1.8595493633120124
usds,usds,USDS,https://coin-images.coingecko.com/coins/images/39926/large/usds.webp?1726666683,0.999787,11001353646,12,11002609458,210510257,0.999869,0.999546,0.00018711,0.01872,897826588.0,8.88627,11003695710.49647,11004951789.68281,,1.15,-13.223,2026-04-02T07:21:14.655Z,0.948265,5.42916,2024-10-03T13:19:28.826Z,,2026-07-07T16:45:51.541Z,0.018718384611602995
rain,rain,Rain,https://coin-images.coingecko.com/coins/images/69134/large/Rain_logo_1_.png?1762952191,0.01493443,9881866352,13,17168272714,33386934,0.01517478,0.01484403,-0.000154159674273341,-1.0217,-102366444.4017868,-1.02528,661837229881.1216,1149843728908.762,1150000000000.0,0.01614328,-7.49096,2026-06-22T20:10:11.458Z,0.00222126,572.32098,2025-09-14T08:56:57.416Z,,2026-07-07T16:45:36.420Z,-1.0216968400154083
leo-token,leo,LEO Token,https://coin-images.coingecko.com/coins/images/8418/large/leo-token.png?1696508607,9.36,8616921640,14,9225355230,332946,9.42,9.31,-0.017851012856212378,-0.19028,-14821984.605882645,-0.17171,920260671.9,985239504.0,,10.57,-11.41236,2026-05-04T09:45:26.809Z,0.799859,1070.62853,2019-12-24T15:14:35.376Z,,2026-07-07T16:45:39.074Z,-0.19028074775399287
zcash,zec,Zcash,https://coin-images.coingecko.com/coins/images/486/large/circle-zcash-color.png?1696501740,507.23,8510926003,15,8511715615,466725250,509.05,444.51,55.4,12.26036,925143278.0,12.19575,16791065.7905448,16792623.6030448,21000000.0,3191.93,-84.10907,2016-10-29T00:00:00.000Z,16.08,3054.37314,2024-07-05T04:22:29.321Z,,2026-07-07T16:45:52.036Z,12.260356416587511
whitebit,wbt,WhiteBIT Coin,https://coin-images.coingecko.com/coins/images/27045/large/wbt_token.png?1696526096,56.8,6706475934,16,16697244077,50385416,57.82,55.79,-0.41499999999999915,-0.72536,-55259529.15600014,-0.81724,118075917.0,293975916.0,400000000.0,64.11,-11.42607,2025-12-10T20:16:13.582Z,3.06,1754.56075,2023-02-13T19:01:21.899Z,,2026-07-07T16:45:46.301Z,-0.7253596210651411
cardano,ada,Cardano,https://coin-images.coingecko.com/coins/images/975/large/cardano.png?1696502090,0.177535,6615011877,17,7988400274,375510246,0.185668,0.175669,-0.007093904017477198,-3.84225,-265804069.3619175,-3.86297,37263472566.67584,45000000000.0,45000000000.0,3.09,-94.24878,2021-09-02T06:00:10.474Z,0.01925275,822.1289,2020-03-13T02:22:55.044Z,,2026-07-07T16:45:44.706Z,-3.842246983618195
stellar,xlm,Stellar,https://coin-images.coingecko.com/coins/images/100/large/fmpFRHHQ_400x400.jpg?1735231350,0.193068,6576525714,18,9652895172,220322709,0.202834,0.19024,-0.007207866035288418,-3.59898,-231891629.94360733,-3.40595,34066260022.9811,50001786839.91257,,0.875563,-77.97701,2018-01-03T00:00:00.000Z,0.00047612,40398.98301,2015-03-05T00:00:00.000Z,,2026-07-07T16:45:51.239Z,-3.598975871338752
monero,xmr,Monero,https://coin-images.coingecko.com/coins/images/69/large/monero_logo.png?1696501460,333.17,6252575627,19,6252583020,111711909,333.34,321.94,11.0,3.41304,204225360.0,3.37655,18774835.09861149,18774857.29851305,,797.73,-58.23588,2026-01-14T19:34:07.049Z,0.216177,154017.90205,2015-01-14T00:00:00.000Z,,2026-07-07T16:45:50.669Z,3.4130420990298824
chainlink,link,Chainlink,https://coin-images.coingecko.com/coins/images/877/large/Chainlink_Logo_500.png?1760023405,8.01,5986757528,20,8002616982,168632054,8.1,7.83,-0.04161014655477224,-0.51704,-33177863.248755455,-0.55113,748099970.424884,1000000000.0,1000000000.0,52.7,-84.80715,2021-05-10T00:13:57.214Z,0.148183,5302.85003,2017-11-29T00:00:00.000Z,,2026-07-07T16:45:39.395Z,-0.5170443393102444
