Date,Open,High,Low,Close,Volume
2026-07-17,331.9800,334.9900,329.0006,333.7400,63407059
2026-07-16,328.0050,334.6800,326.7900,333.2600,62970617
2026-07-15,317.6150,328.7300,317.3200,327.5000,60957644
2026-07-14,313.7600,316.1900,311.9100,314.8600,36336829
2026-07-13,317.0150,323.4500,315.7800,317.3100,43257804
2026-07-10,314.7200,316.9100,312.1700,315.3200,34132321
2026-07-09,310.5100,316.5300,308.1600,316.2200,48124490
2026-07-08,311.9100,314.8200,307.0500,313.3900,41323480
2026-07-07,315.2900,315.4800,310.1500,310.6600,42490002
2026-07-06,307.3600,314.2000,307.0000,312.6600,53589977
2026-07-02,294.1200,309.4200,293.6800,308.6300,75400626
2026-07-01,293.4400,296.5900,289.1950,294.3800,50164232
2026-06-30,281.1700,289.9400,280.6950,289.3600,65100155
2026-06-29,286.7300,288.3697,279.8500,281.7400,66427002
2026-06-26,275.0000,285.9500,274.2100,283.7800,261775450
2026-06-25,287.4000,288.8000,273.7500,275.1500,107253659
2026-06-24,295.3550,299.7000,292.9400,293.0800,53081859
2026-06-23,297.5380,301.6400,294.1800,294.3000,52010929
2026-06-22,297.3100,302.4200,296.7600,297.0100,44879914
2026-06-18,298.1100,300.5700,295.6200,298.0100,85962201
2026-06-17,300.8450,302.0700,294.3600,295.9500,42745060
2026-06-16,295.2450,300.4800,293.9700,299.2400,39874404
2026-06-15,294.1200,297.7800,291.7000,296.4200,45732573
2026-06-12,296.0300,297.1400,289.6200,291.1300,38784789
2026-06-11,293.7200,297.0000,289.5900,295.6300,42572497
2026-06-10,290.7400,294.7500,287.3800,291.5800,52793266
2026-06-09,300.2750,300.7500,287.7800,290.5500,70108847
2026-06-08,308.7390,317.4000,301.1700,301.5400,77949082
2026-06-05,312.8600,315.1700,307.1500,307.3400,65310502
2026-06-04,313.2300,313.5400,309.6500,311.2300,44869134
2026-06-03,314.1750,316.9400,308.8500,310.2600,50836705
2026-06-02,307.4600,315.4500,306.6850,315.2000,44534716
2026-06-01,309.6250,310.9400,305.0200,306.3100,48849933
2026-05-29,311.7750,315.0000,309.5300,312.0600,70026752
2026-05-28,310.6800,312.8000,309.5700,312.5100,48220390
2026-05-27,308.3300,313.2600,308.3000,310.8500,50430919
2026-05-26,309.5600,311.8200,307.6700,308.3300,48000493
2026-05-22,306.1200,311.4000,305.8400,308.8200,43670223
2026-05-21,301.0550,305.5400,300.4000,304.9900,42965126
2026-05-20,298.1800,302.8000,298.0800,302.2500,37307876
2026-05-19,296.9700,300.5100,296.3500,298.9700,42243561
2026-05-18,300.2400,300.6600,294.9100,297.8400,34482959
2026-05-15,297.9000,303.2000,296.5200,300.2300,54862836
2026-05-14,299.8200,300.4500,295.3800,298.2100,35324922
2026-05-13,293.5000,300.9200,293.5000,298.8700,52684260
2026-05-12,292.5600,295.2700,292.5600,294.8000,45748129
2026-05-11,291.9790,293.8800,290.2300,292.6800,42247285
2026-05-08,290.0100,294.7600,290.0000,293.3200,52692761
2026-05-07,289.2700,292.1300,285.7800,287.4400,45224300
2026-05-06,281.9150,288.0300,281.0700,287.5100,58336072
2026-05-05,276.9250,284.5700,276.5010,284.1800,49311712
2026-05-04,279.6550,280.6300,274.8601,276.8300,46668401
2026-05-01,278.8550,287.2200,278.3700,280.1400,79915442
2026-04-30,270.5000,276.0000,268.1400,271.3500,91848230
2026-04-29,267.5500,271.0400,267.0400,270.1700,30047869
2026-04-28,272.3350,273.2300,268.6600,270.7100,40018940
2026-04-27,266.0900,268.3600,265.0700,267.6100,41466762
2026-04-24,272.7550,273.0600,269.6500,271.0600,38157110
2026-04-23,275.0450,275.7700,271.6500,273.4300,33399639
2026-04-22,267.8200,273.7400,266.8700,273.1700,43249204
2026-04-21,271.5000,272.8000,265.4000,266.1700,50209755
2026-04-20,270.3300,274.2750,270.2900,273.0500,36590169
2026-04-17,266.9600,272.3000,266.7200,270.2300,61436228
2026-04-16,266.8000,267.1600,261.2700,263.4000,43323112
2026-04-15,258.1600,266.5600,257.8100,266.4300,49913510
2026-04-14,259.2450,261.9300,257.1900,258.8300,48370710
2026-04-13,259.7300,260.1800,256.6600,259.2000,36234698
2026-04-10,259.9800,262.1900,259.0231,260.4800,31291473
2026-04-09,259.0000,261.1200,256.0700,260.4900,28121574
2026-04-08,258.4500,259.7499,256.5300,258.9000,41032772
2026-04-07,256.1550,256.2000,245.7000,253.5000,62148008
2026-04-06,256.5100,262.1600,256.4600,258.8600,29329911
2026-04-02,254.2000,256.1300,250.6500,255.9200,31289369
2026-04-01,254.0800,256.1800,253.3300,255.6300,40059432
2026-03-31,247.9100,255.4800,247.1010,253.7900,49598091
2026-03-30,250.0700,250.8700,245.5100,246.6300,39446213
2026-03-27,253.9000,255.4930,248.0700,248.8000,47899998
2026-03-26,252.1150,257.0000,250.7700,252.8900,41796650
2026-03-25,254.0950,255.0000,251.6000,252.6200,28476668
2026-03-24,250.3500,254.8250,249.5500,251.6400,45152288
2026-03-23,253.9700,254.6000,250.2800,251.4900,40546109
2026-03-20,247.9750,249.1999,246.0000,247.9900,88331081
2026-03-19,249.4000,251.8300,247.3000,248.9600,34864082
2026-03-18,252.6250,254.9400,249.0000,249.9400,35757874
2026-03-17,252.9550,255.1300,252.1800,254.2300,32361607
2026-03-16,252.1050,253.8850,249.8800,252.8200,32074209
2026-03-13,255.4800,256.3300,249.5200,250.1200,36929988
2026-03-12,258.6600,258.9500,254.1800,255.7600,40794020
2026-03-11,261.0900,262.1300,259.5500,260.8100,26218927
2026-03-10,257.6450,262.4800,256.9500,260.8300,30590765
2026-03-09,255.6900,261.1500,253.6805,259.8800,38218533
2026-03-06,258.6300,258.7700,254.3700,257.4600,41120042
2026-03-05,260.7900,261.5550,257.2500,260.2900,49658626
2026-03-04,264.6500,266.1500,261.4200,262.5200,39803119
2026-03-03,263.4800,265.5600,260.1300,263.7500,38568921
2026-03-02,262.4100,266.5300,260.2000,264.7200,41827946
2026-02-27,272.8100,272.8100,262.8900,264.1800,72366505
2026-02-26,274.9450,276.1100,270.7950,272.9500,32345114
2026-02-25,271.7800,274.9400,271.0500,274.2300,33714342
2026-02-24,267.8600,274.8900,267.7100,272.1400,47014619
